{"cameraMode":{"drawMode":0,"name":"Shaded","section":"Shading Mode"},"sceneLighting":true,"audioPlay":false,"sceneViewState":{"showFog":true,"showMaterialUpdate":false,"showSkybox":true,"showFlares":true,"showImageEffects":true,"showParticleSystems":true},"in2DMode":false,"pivot":{"x":132.44143676757813,"y":6.519765853881836,"z":91.50231170654297},"rotation":{"x":0.26930418610572817,"y":-0.6789518594741821,"z":0.29736506938934328,"w":0.614876925945282},"size":60.61814498901367,"orthographic":false}