{"cameraMode":{"drawMode":0,"name":"Shaded","section":"Shading Mode"},"sceneLighting":false,"audioPlay":false,"sceneViewState":{"showFog":true,"showMaterialUpdate":true,"showSkybox":true,"showFlares":true,"showImageEffects":true,"showParticleSystems":true},"in2DMode":false,"pivot":{"x":-126.2065658569336,"y":68.33563995361328,"z":-45.57341766357422},"rotation":{"x":-0.31182458996772768,"y":-0.6853190660476685,"z":0.5015872120857239,"w":-0.42604416608810427},"size":101.42025756835938,"orthographic":false}