{"cameraMode":{"drawMode":0,"name":"Shaded","section":"Shading Mode"},"sceneLighting":true,"audioPlay":false,"sceneViewState":{"showFog":false,"showMaterialUpdate":false,"showSkybox":false,"showFlares":false,"showImageEffects":false,"showParticleSystems":false},"in2DMode":false,"pivot":{"x":120.65385437011719,"y":-2.9168853759765627,"z":103.42791748046875},"rotation":{"x":-0.35325339436531069,"y":-0.5313968658447266,"z":0.25886303186416628,"w":-0.7251482009887695},"size":113.34691619873047,"orthographic":false}