{"cameraMode":{"drawMode":0,"name":"Shaded","section":"Shading Mode"},"sceneLighting":true,"audioPlay":false,"sceneViewState":{"showFog":true,"showMaterialUpdate":false,"showSkybox":true,"showFlares":true,"showImageEffects":true,"showParticleSystems":true},"in2DMode":false,"pivot":{"x":174.41506958007813,"y":80.6794662475586,"z":73.03140258789063},"rotation":{"x":0.3588355779647827,"y":-0.452558308839798,"z":0.20554597675800324,"w":0.7900499701499939},"size":144.75503540039063,"orthographic":false}